{"cameraMode":{"drawMode":0,"name":"Shaded","section":"Shading Mode"},"sceneLighting":false,"audioPlay":false,"sceneViewState":{"showFog":false,"showMaterialUpdate":false,"showSkybox":false,"showFlares":false,"showImageEffects":false,"showParticleSystems":false},"in2DMode":false,"pivot":{"x":-1.5840001106262208,"y":0.3830060362815857,"z":1.087307333946228},"rotation":{"x":0.010931150056421757,"y":0.9835295081138611,"z":-0.16894060373306275,"w":0.06355661898851395},"size":2.863769769668579,"orthographic":false}