{"cameraMode":{"drawMode":0,"name":"Shaded","section":"Shading Mode"},"sceneLighting":false,"audioPlay":false,"sceneViewState":{"showFog":false,"showMaterialUpdate":false,"showSkybox":false,"showFlares":false,"showImageEffects":false,"showParticleSystems":false},"in2DMode":false,"pivot":{"x":0.0017715990543365479,"y":0.3895956575870514,"z":1.0877406597137452},"rotation":{"x":-0.036198679357767108,"y":0.7596495747566223,"z":-0.04243975877761841,"w":-0.6479360461235046},"size":2.9885759353637697,"orthographic":false}