{"cameraMode":{"drawMode":0,"name":"Shaded","section":"Shading Mode"},"sceneLighting":false,"audioPlay":false,"sceneViewState":{"showFog":false,"showMaterialUpdate":false,"showSkybox":false,"showFlares":false,"showImageEffects":false,"showParticleSystems":false},"in2DMode":false,"pivot":{"x":-2.4621410369873049,"y":0.6742408275604248,"z":0.7359828948974609},"rotation":{"x":-0.0071926298551261429,"y":0.9912007451057434,"z":0.06072743237018585,"w":0.11740036308765412},"size":2.863769769668579,"orthographic":false}