{"cameraMode":{"drawMode":0,"name":"Shaded","section":"Shading Mode"},"sceneLighting":false,"audioPlay":false,"sceneViewState":{"showFog":false,"showMaterialUpdate":false,"showSkybox":false,"showFlares":false,"showImageEffects":false,"showParticleSystems":false},"in2DMode":false,"pivot":{"x":-2.566999912261963,"y":0.36378562450408938,"z":1.094684362411499},"rotation":{"x":-0.002858964493498206,"y":0.9597827792167664,"z":0.009780569933354855,"w":0.2805609405040741},"size":2.914890766143799,"orthographic":false}