{"cameraMode":{"drawMode":0,"name":"Shaded","section":"Shading Mode"},"sceneLighting":false,"audioPlay":false,"sceneViewState":{"showFog":false,"showMaterialUpdate":false,"showSkybox":false,"showFlares":false,"showImageEffects":false,"showParticleSystems":false},"in2DMode":false,"pivot":{"x":-0.153776615858078,"y":0.5123253464698792,"z":2.6979265213012697},"rotation":{"x":0.0033025769516825678,"y":0.06685266643762589,"z":-0.00022120082576293498,"w":0.9977580904960632},"size":2.9885759353637697,"orthographic":false}