{"cameraMode":{"drawMode":0,"name":"Shaded","section":"Shading Mode"},"sceneLighting":false,"audioPlay":false,"sceneViewState":{"showFog":false,"showMaterialUpdate":false,"showSkybox":false,"showFlares":false,"showImageEffects":false,"showParticleSystems":false},"in2DMode":false,"pivot":{"x":-5.183274269104004,"y":0.035961270332336429,"z":4.35676908493042},"rotation":{"x":0.08076082170009613,"y":0.901326060295105,"z":-0.19155584275722505,"w":0.3800142705440521},"size":3.1547749042510988,"orthographic":false}