{"cameraMode":{"drawMode":0,"name":"Shaded","section":"Shading Mode"},"sceneLighting":false,"audioPlay":false,"sceneViewState":{"showFog":false,"showMaterialUpdate":false,"showSkybox":false,"showFlares":false,"showImageEffects":false,"showParticleSystems":false},"in2DMode":false,"pivot":{"x":-0.21188724040985108,"y":0.19850099086761475,"z":-0.3367072343826294},"rotation":{"x":-0.02158372849225998,"y":0.9782375693321228,"z":-0.13616906106472016,"w":-0.15505696833133698},"size":2.2637698650360109,"orthographic":false}