{"cameraMode":{"drawMode":0,"name":"Shaded","section":"Shading Mode"},"sceneLighting":false,"audioPlay":false,"sceneViewState":{"showFog":false,"showMaterialUpdate":false,"showSkybox":false,"showFlares":false,"showImageEffects":false,"showParticleSystems":false},"in2DMode":false,"pivot":{"x":-4.7524333000183109,"y":0.07866561412811279,"z":2.250067710876465},"rotation":{"x":0.023914223536849023,"y":0.8240936398506165,"z":-0.0348881371319294,"w":0.5648744106292725},"size":1.1615283489227296,"orthographic":false}