{"cameraMode":{"drawMode":0,"name":"Shaded","section":"Shading Mode"},"sceneLighting":false,"audioPlay":false,"sceneViewState":{"showFog":false,"showMaterialUpdate":false,"showSkybox":false,"showFlares":false,"showImageEffects":false,"showParticleSystems":false},"in2DMode":false,"pivot":{"x":5.13884973526001,"y":0.45682159066200259,"z":-2.2648134231567385},"rotation":{"x":0.025886492803692819,"y":0.9233220815658569,"z":-0.06326619535684586,"w":0.37791791558265688},"size":1.0200738906860352,"orthographic":false}