{"cameraMode":{"drawMode":0,"name":"Shaded","section":"Shading Mode"},"sceneLighting":false,"audioPlay":false,"sceneViewState":{"showFog":false,"showMaterialUpdate":false,"showSkybox":false,"showFlares":false,"showImageEffects":false,"showParticleSystems":false},"in2DMode":false,"pivot":{"x":0.6567332744598389,"y":1.0651187896728516,"z":1.5567874908447266},"rotation":{"x":-0.036198679357767108,"y":0.7596495747566223,"z":-0.04243975877761841,"w":-0.6479360461235046},"size":1.0704759359359742,"orthographic":false}