{"cameraMode":{"drawMode":0,"name":"Shaded","section":"Shading Mode"},"sceneLighting":false,"audioPlay":false,"sceneViewState":{"showFog":false,"showMaterialUpdate":false,"showSkybox":false,"showFlares":false,"showImageEffects":false,"showParticleSystems":false},"in2DMode":false,"pivot":{"x":-0.2628631293773651,"y":1.5651187896728516,"z":1.7104833126068116},"rotation":{"x":-0.036198679357767108,"y":0.7596495747566223,"z":-0.04243975877761841,"w":-0.6479360461235046},"size":1.070475697517395,"orthographic":false}