{"cameraMode":{"drawMode":0,"name":"Shaded","section":"Shading Mode"},"sceneLighting":false,"audioPlay":false,"sceneViewState":{"showFog":false,"showMaterialUpdate":false,"showSkybox":false,"showFlares":false,"showImageEffects":false,"showParticleSystems":false},"in2DMode":false,"pivot":{"x":3.7023861408233644,"y":0.41886818408966067,"z":-3.0},"rotation":{"x":-0.009831098839640618,"y":-0.9901726245880127,"z":0.09655839204788208,"w":-0.10074495524168015},"size":2.759897470474243,"orthographic":false}