{"cameraMode":{"drawMode":0,"name":"Shaded","section":"Shading Mode"},"sceneLighting":false,"audioPlay":false,"sceneViewState":{"showFog":false,"showMaterialUpdate":false,"showSkybox":false,"showFlares":false,"showImageEffects":false,"showParticleSystems":false},"in2DMode":false,"pivot":{"x":3.973313331604004,"y":0.6912262439727783,"z":-5.627746105194092},"rotation":{"x":-0.036198679357767108,"y":0.7596495747566223,"z":-0.04243975877761841,"w":-0.6479360461235046},"size":1.4023106098175049,"orthographic":false}