{"cameraMode":{"drawMode":0,"name":"Shaded","section":"Shading Mode"},"sceneLighting":false,"audioPlay":false,"sceneViewState":{"showFog":false,"showMaterialUpdate":false,"showSkybox":false,"showFlares":false,"showImageEffects":false,"showParticleSystems":false},"in2DMode":false,"pivot":{"x":-1.1920928955078126e-7,"y":0.3830060362815857,"z":1.0743073225021363},"rotation":{"x":-0.036198679357767108,"y":0.7596495747566223,"z":-0.04243975877761841,"w":-0.6479360461235046},"size":2.863769769668579,"orthographic":false}