{"cameraMode":{"drawMode":0,"name":"Shaded","section":"Shading Mode"},"sceneLighting":false,"audioPlay":false,"sceneViewState":{"showFog":false,"showMaterialUpdate":false,"showSkybox":false,"showFlares":false,"showImageEffects":false,"showParticleSystems":false},"in2DMode":false,"pivot":{"x":-0.25705668330192568,"y":0.5299553871154785,"z":-0.9361822605133057},"rotation":{"x":0.9619765281677246,"y":0.0022670223843306305,"z":-0.008087352849543095,"w":0.2730766534805298},"size":5.9514641761779789,"orthographic":false}