{"cameraMode":{"drawMode":0,"name":"Shaded","section":"Shading Mode"},"sceneLighting":false,"audioPlay":false,"sceneViewState":{"showFog":false,"showMaterialUpdate":false,"showSkybox":false,"showFlares":false,"showImageEffects":false,"showParticleSystems":false},"in2DMode":false,"pivot":{"x":-2.5170140266418459,"y":0.3130571246147156,"z":0.9304755926132202},"rotation":{"x":-0.05403673276305199,"y":0.7733322978019714,"z":-0.06652262806892395,"w":-0.6281813979148865},"size":3.2504422664642336,"orthographic":false}