{"cameraMode":{"drawMode":0,"name":"Shaded","section":"Shading Mode"},"sceneLighting":false,"audioPlay":false,"sceneViewState":{"showFog":false,"showMaterialUpdate":false,"showSkybox":false,"showFlares":false,"showImageEffects":false,"showParticleSystems":false},"in2DMode":false,"pivot":{"x":0.0017715990543365479,"y":0.3895956575870514,"z":0.6017405986785889},"rotation":{"x":-0.002858964493498206,"y":0.9597827792167664,"z":0.009780569933354855,"w":0.2805609405040741},"size":2.9885759353637697,"orthographic":false}